"nid","visit","newcategory","rank"
"2022061508455819371","39381","CA0103","1"
"2022061511133210794","37979","CA0103","2"
"2022063015453637013","32195","CA0103","3"
"2022062915342282686","30155","CA0103","4"
"2022061413143640747","29615","CA0103","5"
"2022061411330461738","29412","CA0103","6"
"2022062721090261283","27787","CA0103","7"
"2022060617305181682","27604","CA0103","8"
"2022062111300207637","26875","CA0103","9"
"2022060910112589059","26475","CA0103","10"
"2022061422053667349","25941","CA0103","11"
"2022060309060979532","25623","CA0103","12"
"2022060909592589754","25353","CA0103","13"
"2022061308470637811","25298","CA0103","14"
"2022060117043251301","25083","CA0103","15"
"2022062715423311368","24986","CA0103","16"
"2022062408335873978","24811","CA0103","17"
"2022060307584196991","24649","CA0103","18"
"2022061508290060949","24353","CA0103","19"
"2022062912210927036","24306","CA0103","20"
"2022060912210043916","23954","CA0103","21"
"2022062315055143109","23781","CA0103","22"
"2022062208234458829","23770","CA0103","23"
"2022062809325720452","23748","CA0103","24"
"2022062712025942780","23546","CA0103","25"
"2022062812020023064","23528","CA0103","26"
"2022061710502004520","23362","CA0103","27"
"2022062114391633003","23317","CA0103","28"
"2022061513434432298","22834","CA0103","29"
"2022061209523062522","22724","CA0103","30"
"2022061610395887067","22640","CA0103","31"
"2022062211260101951","22484","CA0103","32"
"2022062809554407821","22483","CA0103","33"
"2022061110474979686","22375","CA0103","34"
"2022062408313124161","22162","CA0103","35"
"2022061716010452105","21913","CA0103","36"
"2022061307000028248","21663","CA0103","37"
"2022062210333935759","21589","CA0103","38"
"2022060914565814813","21579","CA0103","39"
"2022062821583770568","21415","CA0103","40"
"2022062606341009863","21350","CA0103","41"
"2022060913185551276","21341","CA0103","42"
"2022061308554514358","21324","CA0103","43"
"2022061908300076584","21197","CA0103","44"
"2022062816032893932","21180","CA0103","45"
"2022060600040052004","20935","CA0103","46"
"2022060411254132401","20929","CA0103","47"
"2022062820162786411","20918","CA0103","48"
"2022061208264324177","20784","CA0103","49"
"2022061814233948693","20572","CA0103","50"
"2022063013455652228","20503","CA0103","51"
"2022061911000534138","20383","CA0103","52"
"2022062914050058550","20308","CA0103","53"
"2022061118042183503","20299","CA0103","54"
"2022061209502953831","20182","CA0103","55"
"2022062614503255503","20149","CA0103","56"
"2022062208103669351","20074","CA0103","57"
"2022060612001580028","19791","CA0103","58"
"2022060413344981757","19775","CA0103","59"
"2022062709525753398","19742","CA0103","60"
"2022062404300045045","19701","CA0103","61"
"2022061611530054846","19642","CA0103","62"
"2022062613294585181","19624","CA0103","63"
"2022061615024646504","19601","CA0103","64"
"2022061705560032955","19581","CA0103","65"
"2022060107410092924","19530","CA0103","66"
"2022060912283363795","19472","CA0103","67"
"2022060918442968513","19336","CA0103","68"
"2022061116405889570","19328","CA0103","69"
"2022062815501798185","19086","CA0103","70"
"2022062307001047880","19012","CA0103","71"
"2022062912163245710","18855","CA0103","72"
"2022060511113784832","18805","CA0103","73"
"2022062221554985045","18797","CA0103","74"
"2022060408000336009","18723","CA0103","75"
"2022061410383783332","18692","CA0103","76"
"2022062607001239040","18683","CA0103","77"
"2022061914331284821","18632","CA0103","78"
"2022060122395161347","18620","CA0103","79"
"2022060720495292662","18480","CA0103","80"
"2022060313423193067","18342","CA0103","81"
"2022062616030074569","18340","CA0103","82"
"2022061112543117073","18235","CA0103","83"
"2022061808000654614","18222","CA0103","84"
"2022061215263324398","18171","CA0103","85"
"2022061208164896984","18150","CA0103","86"
"2022060407130875298","18137","CA0103","87"
"2022062321414279477","18098","CA0103","88"
"2022061109003531162","17969","CA0103","89"
"2022061213415375667","17950","CA0103","90"
"2022061813382706637","17948","CA0103","91"
"2022061108000383937","17869","CA0103","92"
"2022061909204525531","17814","CA0103","93"
"2022063015561588126","17638","CA0103","94"
"2022060909452763510","17546","CA0103","95"
"2022062510591921134","17518","CA0103","96"
"2022062814325718682","17461","CA0103","97"
"2022060809373570950","17406","CA0103","98"
"2022063016553760718","17359","CA0103","99"
"2022062818250020156","17355","CA0103","100"
"2022062507310299848","17333","CA0103","101"
"2022062913091822282","17309","CA0103","102"
"2022062518284577622","17268","CA0103","103"
"2022061208155429081","17250","CA0103","104"
"2022060507170182418","16934","CA0103","105"
"2022060822023868085","16903","CA0103","106"
"2022062517170020829","16847","CA0103","107"
"2022060115082342996","16773","CA0103","108"
"2022061908010156106","16765","CA0103","109"
"2022062407340727457","16751","CA0103","110"
"2022060917235289376","16725","CA0103","111"
"2022062415135919390","16716","CA0103","112"
"2022062610030185682","16684","CA0103","113"
"2022062915434777128","16660","CA0103","114"
"2022061313345252553","16639","CA0103","115"
"2022061518201563733","16638","CA0103","116"
"2022062516481564643","16616","CA0103","117"
"2022060518170837864","16581","CA0103","118"
"2022062910205983416","16489","CA0103","119"
"2022061206510050837","16465","CA0103","120"
"2022062502262295073","16421","CA0103","121"
"2022060708342337646","16419","CA0103","122"
"2022060508183321350","16309","CA0103","123"
"2022060408221798219","16242","CA0103","124"
"2022060310310770399","16001","CA0103","125"
"2022062319284752921","15818","CA0103","126"
"2022062422292496161","15817","CA0103","127"
"2022062023053048031","15459","CA0103","128"
"2022061611413334696","15382","CA0103","129"
"2022060216161615236","15370","CA0103","130"
"2022062611083181433","15344","CA0103","131"
"2022060419242336729","15310","CA0103","132"
"2022060721155264360","15185","CA0103","133"
"2022061315394771146","15127","CA0103","134"
"2022061316315579641","15022","CA0103","135"
"2022062409063838767","14996","CA0103","136"
"2022062919564795843","14900","CA0103","137"
"2022061410070051889","14848","CA0103","138"
"2022060216580146846","14679","CA0103","139"
"2022062511000102301","14677","CA0103","140"
"2022061306000165890","14620","CA0103","141"
"2022062709460790831","14539","CA0103","142"
"2022062017283119222","14518","CA0103","143"
"2022060213444451212","14473","CA0103","144"
"2022062513180073800","14204","CA0103","145"
"2022062909412909718","14193","CA0103","146"
"2022060111000264933","14072","CA0103","147"
"2022061914032821718","14067","CA0103","148"
"2022060820400687207","13951","CA0103","149"
"2022062910440560712","13875","CA0103","150"
"2022060713403690109","13847","CA0103","151"
"2022062620040181123","13819","CA0103","152"
"2022061209365212666","13808","CA0103","153"
"2022061318344101562","13775","CA0103","154"
"2022062416073356396","13766","CA0103","155"
"2022060508000516904","13687","CA0103","156"
"2022062210591553555","13602","CA0103","157"
"2022061715342572921","13580","CA0103","158"
"2022062319053336183","13569","CA0103","159"
"2022062818270051417","13455","CA0103","160"
"2022060513502060919","13379","CA0103","161"
"2022060619295584663","13326","CA0103","162"
"2022061612130019113","13307","CA0103","163"
"2022061713292887896","13244","CA0103","164"
"2022060409185330779","13226","CA0103","165"
"2022063015243983550","13133","CA0103","166"
"2022060920333225379","13088","CA0103","167"
"2022061515352884229","12978","CA0103","168"
"2022062021075033379","12959","CA0103","169"
"2022062313570044646","12946","CA0103","170"
"2022061014191534546","12894","CA0103","171"
"2022061619545408306","12727","CA0103","172"
"2022062819102833921","12630","CA0103","173"
"2022060309060563805","12485","CA0103","174"
"2022060113504975631","12474","CA0103","175"
"2022062011213277799","12473","CA0103","176"
"2022061516335317424","12409","CA0103","177"
"2022061721050115595","12391","CA0103","178"
"2022061017385770055","12309","CA0103","179"
"2022061622371531619","12062","CA0103","180"
"2022062805000188032","12012","CA0103","181"
"2022061809244250601","11892","CA0103","182"
"2022062805300015376","11875","CA0103","183"
"2022061406010199436","11595","CA0103","184"
"2022062916430485970","11539","CA0103","185"
"2022062219011387464","11324","CA0103","186"
"2022061118143942143","11270","CA0103","187"
"2022061514585910766","11114","CA0103","188"
"2022062314493513385","11057","CA0103","189"
"2022062723501060270","10979","CA0103","190"
"2022062620112559754","10880","CA0103","191"
"2022062620132924987","10867","CA0103","192"
"2022062221535097264","10423","CA0103","193"
"2022060411192529454","10310","CA0103","194"
"2022060917455671424","10303","CA0103","195"
"2022060910153571383","10102","CA0103","196"
"2022061913323003328","10041","CA0103","197"
"2022061021534815836","10032","CA0103","198"
"2022063019582592053","10029","CA0103","199"
"2022061000025477128","9948","CA0103","200"
"2022062314075073135","9948","CA0103","200"
"2022061421150611784","9925","CA0103","202"
"2022060616443430739","9902","CA0103","203"
"2022061411263470530","9902","CA0103","203"
"2022062211093967007","9773","CA0103","205"
"2022060810320200877","9733","CA0103","206"
"2022062012340126163","9636","CA0103","207"
"2022061508531723107","9635","CA0103","208"
"2022062914410017525","9625","CA0103","209"
"2022060609475380460","9521","CA0103","210"
"2022062010512041051","9452","CA0103","211"
"2022062718053527142","9389","CA0103","212"
"2022062604161281241","9366","CA0103","213"
"2022060408000080943","9327","CA0103","214"
"2022062609300507172","9316","CA0103","215"
"2022060519014664934","9309","CA0103","216"
"2022062618034236078","9300","CA0103","217"
"2022060819592365876","9232","CA0103","218"
"2022062816251252845","9169","CA0103","219"
"2022061011204821667","9070","CA0103","220"
"2022060811393298933","8822","CA0103","221"
"2022062916565388181","8761","CA0103","222"
"2022061122153796707","8545","CA0103","223"
"2022060203042489137","8424","CA0103","224"
"2022062016002410592","8325","CA0103","225"
"2022061301402245835","8307","CA0103","226"
"2022061617192192697","8268","CA0103","227"
"2022062818064231055","8202","CA0103","228"
"2022062205200040286","8200","CA0103","229"
"2022062002035357770","8146","CA0103","230"
"2022062016121575750","8111","CA0103","231"
"2022060612370698888","8082","CA0103","232"
"2022061319460865765","8038","CA0103","233"
"2022062913394116069","7991","CA0103","234"
"2022062517252208626","7932","CA0103","235"
"2022053118094876582","7907","CA0103","236"
"2022061715194560872","7867","CA0103","237"
"2022062811290047322","7861","CA0103","238"
"2022060118124550864","7834","CA0103","239"
"2022062714301465701","7832","CA0103","240"
"2022060520091269341","7796","CA0103","241"
"2022061519440056995","7738","CA0103","242"
"2022062914003042707","7735","CA0103","243"
"2022062113135993056","7705","CA0103","244"
"2022062916002236942","7631","CA0103","245"
"2022062916590926792","7598","CA0103","246"
"2022062014162476050","7490","CA0103","247"
"2022061016041877906","7475","CA0103","248"
"2022061508480062226","7438","CA0103","249"
"2022062818042421454","7435","CA0103","250"
"2022062113111437996","7417","CA0103","251"
"2022061211580024422","7258","CA0103","252"
"2022060519082895276","7244","CA0103","253"
"2022060310284732600","7203","CA0103","254"
"2022063013570016114","7198","CA0103","255"
"2022061414300116362","7181","CA0103","256"
"2022061412213009224","7180","CA0103","257"
"2022062319230311067","7164","CA0103","258"
"2022062606471256401","7110","CA0103","259"
"2022061511300389858","7079","CA0103","260"
"2022061321495327052","7045","CA0103","261"
"2022062716443478384","7030","CA0103","262"
"2022061013414172952","7011","CA0103","263"
"2022062211483050803","7000","CA0103","264"
"2022062813215573735","6982","CA0103","265"
"2022061414291552860","6936","CA0103","266"
"2022062200394778416","6919","CA0103","267"
"2022061608015229601","6912","CA0103","268"
"2022062107260547229","6909","CA0103","269"
"2022060118072336302","6897","CA0103","270"
"2022062908411294840","6866","CA0103","271"
"2022060919131735421","6858","CA0103","272"
"2022061619422558264","6725","CA0103","273"
"2022060309591272658","6697","CA0103","274"
"2022062409345681216","6679","CA0103","275"
"2022061611305452447","6668","CA0103","276"
"2022062813220541863","6664","CA0103","277"
"2022061613322442368","6644","CA0103","278"
"2022060621022803827","6644","CA0103","278"
"2022062909231702417","6590","CA0103","280"
"2022063012372783411","6568","CA0103","281"
"2022061411091596566","6558","CA0103","282"
"2022062710433322723","6558","CA0103","282"
"2022061616222369789","6499","CA0103","284"
"2022060315375513150","6466","CA0103","285"
"2022061813045179407","6453","CA0103","286"
"2022062614324443797","6449","CA0103","287"
"2022060914590005647","6448","CA0103","288"
"2022062209241095626","6444","CA0103","289"
"2022060111282045034","6440","CA0103","290"
"2022060807421849664","6408","CA0103","291"
"2022062809402042494","6383","CA0103","292"
"2022062810000777883","6366","CA0103","293"
"2022061617011478332","6350","CA0103","294"
"2022061613480965506","6350","CA0103","294"
"2022061715042583787","6333","CA0103","296"
"2022062113000262623","6315","CA0103","297"
"2022062911181074134","6307","CA0103","298"
"2022062214275084452","6293","CA0103","299"
"2022062111431028574","6282","CA0103","300"
"2022061614212800036","6280","CA0103","301"
"2022062907062045741","6277","CA0103","302"
"2022060809252800041","6270","CA0103","303"
"2022060215344061004","6251","CA0103","304"
"2022062521254893228","6244","CA0103","305"
"2022062913142759175","6240","CA0103","306"
"2022061710302159683","6225","CA0103","307"
"2022062113311981935","6202","CA0103","308"
"2022060811071905845","6180","CA0103","309"
"2022062210014686753","6145","CA0103","310"
"2022062522013002271","6143","CA0103","311"
"2022060910385899045","6142","CA0103","312"
"2022061015062021430","6139","CA0103","313"
"2022062211240066192","6138","CA0103","314"
"2022062509112315558","6120","CA0103","315"
"2022062211171268423","6066","CA0103","316"
"2022060916351252391","6040","CA0103","317"
"2022062914085340308","6033","CA0103","318"
"2022061908522431796","6022","CA0103","319"
"2022062113060236634","6009","CA0103","320"
"2022061314410471831","6003","CA0103","321"
"2022062211334831871","5975","CA0103","322"
"2022062321251043755","5955","CA0103","323"
"2022061014264447342","5943","CA0103","324"
"2022061717283337898","5926","CA0103","325"
"2022062813422425303","5924","CA0103","326"
"2022060118025906481","5924","CA0103","326"
"2022061212461110990","5894","CA0103","328"
"2022061615330500860","5894","CA0103","328"
"2022061312415686543","5883","CA0103","330"
"2022061617425778305","5877","CA0103","331"
"2022061412332659319","5860","CA0103","332"
"2022061013121320315","5856","CA0103","333"
"2022062619461108411","5841","CA0103","334"
"2022060406570091130","5837","CA0103","335"
"2022063006240033194","5805","CA0103","336"
"2022062306020155775","5805","CA0103","336"
"2022062816343212373","5798","CA0103","338"
"2022060311061418528","5791","CA0103","339"
"2022061711063261498","5791","CA0103","339"
"2022061014014789098","5780","CA0103","341"
"2022061106110005595","5777","CA0103","342"
"2022062911270089278","5776","CA0103","343"
"2022060311204540127","5775","CA0103","344"
"2022061108000015475","5765","CA0103","345"
"2022062616560072512","5756","CA0103","346"
"2022060811285485302","5752","CA0103","347"
"2022062810231359471","5744","CA0103","348"
"2022060917050463838","5736","CA0103","349"
"2022062714320036868","5734","CA0103","350"
"2022061211085966285","5726","CA0103","351"
"2022062509374922573","5724","CA0103","352"
"2022062200073971477","5717","CA0103","353"
"2022062914350061013","5714","CA0103","354"
"2022061800000039791","5710","CA0103","355"
"2022062910330404039","5686","CA0103","356"
"2022062220284547049","5676","CA0103","357"
"2022061200070817782","5666","CA0103","358"
"2022060809273330922","5658","CA0103","359"
"2022060810014495477","5645","CA0103","360"
"2022061611272477264","5639","CA0103","361"
"2022062911081997258","5585","CA0103","362"
"2022061810292153378","5583","CA0103","363"
"2022061020441453850","5581","CA0103","364"
"2022062405300089825","5571","CA0103","365"
"2022060420031372288","5550","CA0103","366"
"2022061915285550877","5545","CA0103","367"
"2022060109393706398","5543","CA0103","368"
"2022060614304911956","5518","CA0103","369"
"2022060913193941158","5512","CA0103","370"
"2022061614324414340","5511","CA0103","371"
"2022060906050057516","5511","CA0103","371"
"2022060616523079059","5508","CA0103","373"
"2022061411331891210","5507","CA0103","374"
"2022060410483695318","5507","CA0103","374"
"2022062008063107614","5506","CA0103","376"
"2022061808000091619","5503","CA0103","377"
"2022062314331687988","5482","CA0103","378"
"2022061313260336886","5467","CA0103","379"
"2022061711120442233","5464","CA0103","380"
"2022061311194063150","5461","CA0103","381"
"2022062506480059904","5458","CA0103","382"
"2022060723541651340","5457","CA0103","383"
"2022062209573555037","5457","CA0103","383"
"2022061706460097664","5445","CA0103","385"
"2022060320583285465","5444","CA0103","386"
"2022060116094342252","5439","CA0103","387"
"2022061211000032696","5432","CA0103","388"
"2022062412000274715","5430","CA0103","389"
"2022061213165734588","5422","CA0103","390"
"2022062915225344104","5420","CA0103","391"
"2022060810173828062","5407","CA0103","392"
"2022061108500661070","5398","CA0103","393"
"2022061015040759976","5391","CA0103","394"
"2022061211500679693","5386","CA0103","395"
"2022062210535386225","5378","CA0103","396"
"2022062812260392133","5360","CA0103","397"
"2022061812000090555","5356","CA0103","398"
"2022062413451429960","5352","CA0103","399"
"2022061006110086593","5344","CA0103","400"
"2022063008251100607","5339","CA0103","401"
"2022062113494034325","5331","CA0103","402"
"2022062317322144943","5327","CA0103","403"
"2022061010574573149","5326","CA0103","404"
"2022061308211447045","5319","CA0103","405"
"2022062011125304259","5307","CA0103","406"
"2022061814144970719","5298","CA0103","407"
"2022061415280327968","5295","CA0103","408"
"2022060213080010356","5291","CA0103","409"
"2022061812040058941","5289","CA0103","410"
"2022063011101626474","5286","CA0103","411"
"2022060914181993795","5285","CA0103","412"
"2022062008054526327","5282","CA0103","413"
"2022060207142807964","5280","CA0103","414"
"2022061218000096590","5272","CA0103","415"
"2022062316380020877","5266","CA0103","416"
"2022061715140508124","5253","CA0103","417"
"2022062409440711752","5240","CA0103","418"
"2022060811344704995","5238","CA0103","419"
"2022062920390083216","5233","CA0103","420"
"2022060414324658144","5230","CA0103","421"
"2022061316204166791","5228","CA0103","422"
"2022061014350679154","5227","CA0103","423"
"2022060808102705105","5222","CA0103","424"
"2022061312440020842","5208","CA0103","425"
"2022060107211320408","5205","CA0103","426"
"2022060207015255020","5194","CA0103","427"
"2022061508163981512","5194","CA0103","427"
"2022060710000136685","5185","CA0103","429"
"2022061210390837437","5179","CA0103","430"
"2022060300000028512","5174","CA0103","431"
"2022063015255294852","5173","CA0103","432"
"2022062806250080329","5167","CA0103","433"
"2022063009534365433","5162","CA0103","434"
"2022062708041980428","5160","CA0103","435"
"2022061714234915912","5152","CA0103","436"
"2022062408000011502","5152","CA0103","436"
"2022062606170018922","5147","CA0103","438"
"2022062110311791898","5145","CA0103","439"
"2022061810021666301","5142","CA0103","440"
"2022060509050257377","5130","CA0103","441"
"2022061614500039789","5128","CA0103","442"
"2022062712001246633","5127","CA0103","443"
"2022061213514000778","5114","CA0103","444"
"2022061921035176138","5108","CA0103","445"
"2022062819012308186","5098","CA0103","446"
"2022062613504383987","5089","CA0103","447"
"2022060916030745339","5088","CA0103","448"
"2022062814364578194","5081","CA0103","449"
"2022061113311849987","5078","CA0103","450"
"2022060913462096584","5072","CA0103","451"
"2022062815370114157","5069","CA0103","452"
"2022060313363797067","5058","CA0103","453"
"2022060906000693001","5054","CA0103","454"
"2022062812050199007","5051","CA0103","455"
"2022060114263853941","5041","CA0103","456"
"2022062810303720889","5035","CA0103","457"
"2022060807270129201","5034","CA0103","458"
"2022061406110015234","5032","CA0103","459"
"2022060622201137235","5018","CA0103","460"
"2022060711290064089","5016","CA0103","461"
"2022060208360027738","5014","CA0103","462"
"2022062911453755438","5009","CA0103","463"
"2022062607100806108","5008","CA0103","464"
"2022061410384168643","4999","CA0103","465"
"2022062216213304438","4999","CA0103","465"
"2022062016430973434","4999","CA0103","465"
"2022062114134160491","4997","CA0103","468"
"2022062414460270910","4996","CA0103","469"
"2022060400010055366","4993","CA0103","470"
"2022062812251489580","4987","CA0103","471"
"2022061107003627990","4985","CA0103","472"
"2022061219022411796","4979","CA0103","473"
"2022063008481470868","4974","CA0103","474"
"2022062007182055941","4966","CA0103","475"
"2022060316270861697","4964","CA0103","476"
"2022062213525860294","4958","CA0103","477"
"2022060311282244045","4958","CA0103","477"
"2022062416450478372","4951","CA0103","479"
"2022061710000233570","4933","CA0103","480"
"2022062710043106047","4928","CA0103","481"
"2022062511115904578","4928","CA0103","481"
"2022062209251500597","4916","CA0103","483"
"2022062911092350670","4911","CA0103","484"
"2022061809125371485","4904","CA0103","485"
"2022062215112750006","4901","CA0103","486"
"2022060915392371806","4893","CA0103","487"
"2022062409495320414","4892","CA0103","488"
"2022062907070721615","4888","CA0103","489"
"2022060915503933748","4886","CA0103","490"
"2022060112101482801","4886","CA0103","490"
"2022062609500573036","4883","CA0103","492"
"2022060815410624115","4881","CA0103","493"
"2022060508504953397","4877","CA0103","494"
"2022062009472952974","4866","CA0103","495"
"2022063009464126138","4866","CA0103","495"
"2022063007591227723","4865","CA0103","497"
"2022062113314668798","4863","CA0103","498"
"2022060211321342303","4862","CA0103","499"
"2022061906360043159","4862","CA0103","499"
"2022060410105075038","4848","CA0103","501"
"2022062210480340873","4833","CA0103","502"
"2022061216002529785","4824","CA0103","503"
"2022062710580725543","4822","CA0103","504"
"2022062608300479961","4807","CA0103","505"
"2022062812041787807","4801","CA0103","506"
"2022062512263690073","4801","CA0103","506"
"2022061707000831970","4798","CA0103","508"
"2022060506310018597","4790","CA0103","509"
"2022062110314277669","4788","CA0103","510"
"2022061910000295919","4786","CA0103","511"
"2022063011215566410","4779","CA0103","512"
"2022062322454371515","4778","CA0103","513"
"2022061312024729060","4775","CA0103","514"
"2022062306240034180","4773","CA0103","515"
"2022062306200093553","4772","CA0103","516"
"2022061709571625271","4766","CA0103","517"
"2022061606000659353","4759","CA0103","518"
"2022063007223766748","4755","CA0103","519"
"2022062714052971061","4745","CA0103","520"
"2022062711540064173","4743","CA0103","521"
"2022062611150078155","4731","CA0103","522"
"2022062906130095843","4730","CA0103","523"
"2022062418110757815","4729","CA0103","524"
"2022061906400070678","4722","CA0103","525"
"2022062309230074717","4714","CA0103","526"
"2022062414284061819","4708","CA0103","527"
"2022060218401142537","4694","CA0103","528"
"2022061417325638151","4694","CA0103","528"
"2022061413275631214","4690","CA0103","530"
"2022060117552757099","4685","CA0103","531"
"2022060404300009800","4683","CA0103","532"
"2022061507225861482","4682","CA0103","533"
"2022062616135011429","4681","CA0103","534"
"2022060922074216891","4679","CA0103","535"
"2022061207575089411","4673","CA0103","536"
"2022062212213850790","4672","CA0103","537"
"2022060506410076189","4669","CA0103","538"
"2022060108000017335","4665","CA0103","539"
"2022060416320104635","4664","CA0103","540"
"2022061010231831510","4661","CA0103","541"
"2022062721501332231","4658","CA0103","542"
"2022060311225889118","4652","CA0103","543"
"2022062314403179803","4641","CA0103","544"
"2022061209592595228","4636","CA0103","545"
"2022061715053554951","4630","CA0103","546"
"2022062220200979336","4616","CA0103","547"
"2022061714255792693","4610","CA0103","548"
"2022060909394176683","4607","CA0103","549"
"2022062415361111458","4599","CA0103","550"
"2022061923451051616","4599","CA0103","550"
"2022062114322036158","4596","CA0103","552"
"2022062215320006522","4596","CA0103","552"
"2022061210490827176","4595","CA0103","554"
"2022062305520097353","4591","CA0103","555"
"2022060115365328693","4589","CA0103","556"
"2022060309115217998","4589","CA0103","556"
"2022063016255595251","4589","CA0103","556"
"2022060921384494249","4586","CA0103","559"
"2022062307070106707","4585","CA0103","560"
"2022060507000134229","4583","CA0103","561"
"2022060117034192527","4577","CA0103","562"
"2022061510321204083","4573","CA0103","563"
"2022062405200095888","4569","CA0103","564"
"2022062507000319729","4566","CA0103","565"
"2022061016532454617","4565","CA0103","566"
"2022062409250035576","4561","CA0103","567"
"2022062211301797246","4561","CA0103","567"
"2022062010250788048","4553","CA0103","569"
"2022062617030054504","4535","CA0103","570"
"2022062814263838073","4527","CA0103","571"
"2022062616130037629","4525","CA0103","572"
"2022061307181284062","4513","CA0103","573"
"2022063013210226927","4506","CA0103","574"
"2022061612283481864","4495","CA0103","575"
"2022061813332498221","4493","CA0103","576"
"2022061611395424491","4483","CA0103","577"
"2022061217262604583","4478","CA0103","578"
"2022062509150544975","4478","CA0103","578"
"2022061115343725155","4468","CA0103","580"
"2022060314191154598","4462","CA0103","581"
"2022060211241633229","4456","CA0103","582"
"2022062013030656915","4455","CA0103","583"
"2022060411340856081","4453","CA0103","584"
"2022061613270145888","4452","CA0103","585"
"2022062708432592501","4449","CA0103","586"
"2022062220075538368","4447","CA0103","587"
"2022060414285310172","4444","CA0103","588"
"2022062706102973043","4438","CA0103","589"
"2022061216125617105","4431","CA0103","590"
"2022062609000048539","4431","CA0103","590"
"2022062613504784644","4428","CA0103","592"
"2022061208330027320","4423","CA0103","593"
"2022060916374187742","4415","CA0103","594"
"2022060108214421259","4411","CA0103","595"
"2022062709011577369","4401","CA0103","596"
"2022062710342769051","4398","CA0103","597"
"2022062906310041261","4391","CA0103","598"
"2022060310054650085","4380","CA0103","599"
"2022061608214551532","4364","CA0103","600"
"2022062211333195141","4363","CA0103","601"
"2022061610094036674","4358","CA0103","602"
"2022061612302702808","4352","CA0103","603"
"2022062215295364220","4327","CA0103","604"
"2022062308012543744","4325","CA0103","605"
"2022063011252674598","4320","CA0103","606"
"2022062406000007659","4317","CA0103","607"
"2022062617132422532","4316","CA0103","608"
"2022061611191238265","4313","CA0103","609"
"2022060415300860843","4311","CA0103","610"
"2022060915360856539","4308","CA0103","611"
"2022060910300664865","4302","CA0103","612"
"2022060412571839919","4296","CA0103","613"
"2022061510203625874","4291","CA0103","614"
"2022062419370037220","4289","CA0103","615"
"2022062123242483319","4288","CA0103","616"
"2022061914471594993","4281","CA0103","617"
"2022061116450995976","4274","CA0103","618"
"2022061814483429855","4264","CA0103","619"
"2022060708000096170","4264","CA0103","619"
"2022060117570024368","4263","CA0103","621"
"2022062805000195582","4256","CA0103","622"
"2022061610511976413","4253","CA0103","623"
"2022061105223791492","4252","CA0103","624"
"2022061706110044101","4249","CA0103","625"
"2022061908010240643","4247","CA0103","626"
"2022060413361118296","4244","CA0103","627"
"2022063011500038746","4244","CA0103","627"
"2022060816364297190","4240","CA0103","629"
"2022060908144925389","4238","CA0103","630"
"2022061308253582076","4225","CA0103","631"
"2022062318085330333","4219","CA0103","632"
"2022062306312227653","4218","CA0103","633"
"2022060308264336182","4216","CA0103","634"
"2022060810250528643","4215","CA0103","635"
"2022061207000430448","4212","CA0103","636"
"2022061214321206347","4210","CA0103","637"
"2022061815303038972","4208","CA0103","638"
"2022061213205145211","4197","CA0103","639"
"2022062819034152950","4197","CA0103","639"
"2022060513021982727","4197","CA0103","639"
"2022061020500004456","4196","CA0103","642"
"2022061815330365392","4186","CA0103","643"
"2022060400000099483","4185","CA0103","644"
"2022061309473109393","4183","CA0103","645"
"2022061604302390448","4179","CA0103","646"
"2022062410141941112","4171","CA0103","647"
"2022061114074382572","4170","CA0103","648"
"2022060312355847007","4170","CA0103","648"
"2022062406181475417","4170","CA0103","648"
"2022062411293017523","4166","CA0103","651"
"2022062517150614402","4166","CA0103","651"
"2022062214380011265","4165","CA0103","653"
"2022060416031764175","4157","CA0103","654"
"2022062411213701089","4150","CA0103","655"
"2022060216082156526","4143","CA0103","656"
"2022061415201273669","4124","CA0103","657"
"2022061309512822610","4123","CA0103","658"
"2022062517571339337","4119","CA0103","659"
"2022061606032350699","4108","CA0103","660"
"2022062815045534442","4107","CA0103","661"
"2022061414302723955","4104","CA0103","662"
"2022062307010074762","4096","CA0103","663"
"2022062316343295643","4094","CA0103","664"
"2022061016560558036","4087","CA0103","665"
"2022060908105537079","4086","CA0103","666"
"2022062410331313309","4085","CA0103","667"
"2022062312000698162","4085","CA0103","667"
"2022060615111703223","4085","CA0103","667"
"2022060215265222461","4072","CA0103","670"
"2022062506320016624","4072","CA0103","670"
"2022062509182681570","4063","CA0103","672"
"2022062106091277255","4052","CA0103","673"
"2022061610254622008","4050","CA0103","674"
"2022063018440665016","4047","CA0103","675"
"2022061110042663076","4041","CA0103","676"
"2022062210174737816","4038","CA0103","677"
"2022060712590538713","4038","CA0103","677"
"2022060810355642504","4031","CA0103","679"
"2022060111114829199","4029","CA0103","680"
"2022061111022457718","4027","CA0103","681"
"2022060821300350031","4026","CA0103","682"
"2022062821040033191","4026","CA0103","682"
"2022062009314658167","4018","CA0103","684"
"2022062915330712233","4012","CA0103","685"
"2022060200000067644","4011","CA0103","686"
"2022061420442564496","4009","CA0103","687"
"2022063010200050996","4006","CA0103","688"
"2022062708340310064","3998","CA0103","689"
"2022060908164636092","3994","CA0103","690"
"2022062110143867225","3993","CA0103","691"
"2022060721181681457","3992","CA0103","692"
"2022060806220059683","3990","CA0103","693"
"2022062617040088877","3985","CA0103","694"
"2022060906313378083","3974","CA0103","695"
"2022060714234501094","3974","CA0103","695"
"2022061509505775413","3960","CA0103","697"
"2022062713104253513","3944","CA0103","698"
"2022062407211487653","3943","CA0103","699"
"2022061113003254780","3932","CA0103","700"
"2022062914330003989","3930","CA0103","701"
"2022061813482905652","3922","CA0103","702"
"2022062610120800569","3917","CA0103","703"
"2022061020142724591","3913","CA0103","704"
"2022062110175004831","3899","CA0103","705"
"2022061709465653135","3893","CA0103","706"
"2022060606330089009","3879","CA0103","707"
"2022062711000030859","3878","CA0103","708"
"2022061708325718833","3877","CA0103","709"
"2022061815011473794","3877","CA0103","709"
"2022061215081998388","3876","CA0103","711"
"2022061916063013861","3876","CA0103","711"
"2022060511050562968","3876","CA0103","711"
"2022062512131776701","3871","CA0103","714"
"2022061113042497040","3869","CA0103","715"
"2022061500300086106","3858","CA0103","716"
"2022062407150930535","3856","CA0103","717"
"2022060918541187158","3854","CA0103","718"
"2022060916540044808","3853","CA0103","719"
"2022062808000390868","3852","CA0103","720"
"2022060607000052953","3843","CA0103","721"
"2022062010143411881","3842","CA0103","722"
"2022062714352853943","3840","CA0103","723"
"2022061414024367574","3836","CA0103","724"
"2022060921573455679","3831","CA0103","725"
"2022060314400672261","3823","CA0103","726"
"2022063019125878523","3822","CA0103","727"
"2022063015000595371","3821","CA0103","728"
"2022061215000078539","3818","CA0103","729"
"2022060506000049794","3817","CA0103","730"
"2022061916571468924","3817","CA0103","730"
"2022061615035828395","3816","CA0103","732"
"2022060514045034657","3814","CA0103","733"
"2022062021303536082","3810","CA0103","734"
"2022061412000205322","3805","CA0103","735"
"2022061615583401884","3805","CA0103","735"
"2022061216063930712","3802","CA0103","737"
"2022062514480061818","3798","CA0103","738"
"2022062213180022672","3797","CA0103","739"
"2022061921081697574","3797","CA0103","739"
"2022060610324655411","3795","CA0103","741"
"2022060915170686338","3786","CA0103","742"
"2022060321535028225","3785","CA0103","743"
"2022060919323990220","3779","CA0103","744"
"2022061110212005688","3770","CA0103","745"
"2022060203322747743","3770","CA0103","745"
"2022062314584600989","3767","CA0103","747"
"2022063017325712710","3763","CA0103","748"
"2022060415181585126","3757","CA0103","749"
"2022062818201072403","3757","CA0103","749"
"2022060816370084045","3753","CA0103","751"
"2022062817362985713","3751","CA0103","752"
"2022062516044140171","3740","CA0103","753"
"2022060422010197712","3735","CA0103","754"
"2022062510262424105","3734","CA0103","755"
"2022063013560487731","3732","CA0103","756"
"2022060619311338825","3725","CA0103","757"
"2022062612000071724","3722","CA0103","758"
"2022060917292910248","3714","CA0103","759"
"2022062621421035997","3714","CA0103","759"
"2022060915042781174","3692","CA0103","761"
"2022060721303272067","3690","CA0103","762"
"2022061717285806910","3686","CA0103","763"
"2022062110524987492","3685","CA0103","764"
"2022060314354566196","3683","CA0103","765"
"2022060509010177457","3681","CA0103","766"
"2022060205340158761","3679","CA0103","767"
"2022062819461449042","3675","CA0103","768"
"2022060820211419571","3671","CA0103","769"
"2022062908334215688","3669","CA0103","770"
"2022062314293185269","3668","CA0103","771"
"2022062715082775879","3666","CA0103","772"
"2022062408534782013","3649","CA0103","773"
"2022060216294817026","3634","CA0103","774"
"2022061010174956873","3632","CA0103","775"
"2022062906001203565","3631","CA0103","776"
"2022061709541904591","3630","CA0103","777"
"2022060415413441452","3628","CA0103","778"
"2022061617151640038","3626","CA0103","779"
"2022060318342438066","3625","CA0103","780"
"2022061518015619179","3624","CA0103","781"
"2022061906100044324","3623","CA0103","782"
"2022060206040002334","3621","CA0103","783"
"2022062811150532049","3620","CA0103","784"
"2022062020513094603","3615","CA0103","785"
"2022063012110047788","3606","CA0103","786"
"2022061309440772999","3602","CA0103","787"
"2022060407000258731","3598","CA0103","788"
"2022062615450074569","3597","CA0103","789"
"2022061916130306610","3595","CA0103","790"
"2022060518164690222","3591","CA0103","791"
"2022060306000005343","3586","CA0103","792"
"2022063007070708151","3585","CA0103","793"
"2022060114070686328","3580","CA0103","794"
"2022062106000287712","3571","CA0103","795"
"2022062409304830217","3553","CA0103","796"
"2022060516350742799","3551","CA0103","797"
"2022053114282032534","3547","CA0103","798"
"2022062814340111191","3547","CA0103","798"
"2022062708111964475","3546","CA0103","800"
"2022062607000467602","3539","CA0103","801"
"2022062517073098313","3532","CA0103","802"
"2022061417010633024","3523","CA0103","803"
"2022061308543601331","3521","CA0103","804"
"2022061218292997287","3518","CA0103","805"
"2022062406312284648","3512","CA0103","806"
"2022060413453453993","3507","CA0103","807"
"2022062105205220185","3485","CA0103","808"
"2022053122043090832","3477","CA0103","809"
"2022063018213331557","3473","CA0103","810"
"2022061905500010710","3473","CA0103","810"
"2022060416282851053","3468","CA0103","812"
"2022062023044262854","3464","CA0103","813"
"2022062610355140145","3451","CA0103","814"
"2022062623500136682","3451","CA0103","814"
"2022062406300361481","3448","CA0103","816"
"2022060720591480729","3447","CA0103","817"
"2022061417341789117","3443","CA0103","818"
"2022062006114983490","3441","CA0103","819"
"2022061417031610793","3429","CA0103","820"
"2022060720350968813","3420","CA0103","821"
"2022062121425572386","3419","CA0103","822"
"2022060507300058719","3419","CA0103","822"
"2022062107371925914","3417","CA0103","824"
"2022062012553762289","3415","CA0103","825"
"2022060422304681292","3410","CA0103","826"
"2022061212124361793","3404","CA0103","827"
"2022060208523805125","3401","CA0103","828"
"2022062417015495059","3394","CA0103","829"
"2022061308291381792","3390","CA0103","830"
"2022063018010082570","3380","CA0103","831"
"2022060507300173179","3380","CA0103","831"
"2022060606130004137","3378","CA0103","833"
"2022062710382377975","3371","CA0103","834"
"2022062716453206743","3370","CA0103","835"
"2022062518283027222","3358","CA0103","836"
"2022061117244603331","3357","CA0103","837"
"2022063005334342472","3355","CA0103","838"
"2022062600000027481","3354","CA0103","839"
"2022061417284873861","3351","CA0103","840"
"2022061707533403448","3348","CA0103","841"
"2022060611273868636","3346","CA0103","842"
"2022061416195513153","3345","CA0103","843"
"2022061700103572886","3343","CA0103","844"
"2022060206014514619","3338","CA0103","845"
"2022060807321808295","3336","CA0103","846"
"2022061321441142062","3330","CA0103","847"
"2022061500360445734","3330","CA0103","847"
"2022062816251013216","3317","CA0103","849"
"2022061719482965512","3314","CA0103","850"
"2022061210360484492","3310","CA0103","851"
"2022060306235940741","3308","CA0103","852"
"2022061423371230552","3308","CA0103","852"
"2022063004090044643","3305","CA0103","854"
"2022060806000012360","3304","CA0103","855"
"2022061005150028109","3297","CA0103","856"
"2022062905120073831","3292","CA0103","857"
"2022063014213210004","3292","CA0103","857"
"2022061711235778847","3290","CA0103","859"
"2022062421430018043","3285","CA0103","860"
"2022061306200178850","3285","CA0103","860"
"2022061209385842830","3282","CA0103","862"
"2022062508150064941","3282","CA0103","862"
"2022062719130048707","3279","CA0103","864"
"2022062204060062015","3271","CA0103","865"
"2022061522215875637","3270","CA0103","866"
"2022062220110099718","3258","CA0103","867"
"2022060719140031338","3255","CA0103","868"
"2022061211000026961","3250","CA0103","869"
"2022061217451383318","3249","CA0103","870"
"2022062017404633409","3246","CA0103","871"
"2022062819105742383","3236","CA0103","872"
"2022062817374093472","3220","CA0103","873"
"2022053122154321267","3217","CA0103","874"
"2022060817005137162","3217","CA0103","874"
"2022060417363682029","3214","CA0103","876"
"2022062520104184203","3211","CA0103","877"
"2022061718542135178","3208","CA0103","878"
"2022061215000957244","3206","CA0103","879"
"2022062406105578710","3205","CA0103","880"
"2022062511110037612","3203","CA0103","881"
"2022061707205560994","3203","CA0103","881"
"2022060618313688762","3201","CA0103","883"
"2022062706034426082","3200","CA0103","884"
"2022062510541421602","3189","CA0103","885"
"2022060423021248515","3188","CA0103","886"
"2022053116332664271","3186","CA0103","887"
"2022062718265900181","3177","CA0103","888"
"2022060810300674203","3176","CA0103","889"
"2022061520195092372","3168","CA0103","890"
"2022061506000023355","3156","CA0103","891"
"2022061520210048271","3152","CA0103","892"
"2022061906500072879","3151","CA0103","893"
"2022060719523958715","3143","CA0103","894"
"2022061909251307384","3139","CA0103","895"
"2022060312000000467","3127","CA0103","896"
"2022062209192057092","3126","CA0103","897"
"2022063014333734285","3123","CA0103","898"
"2022062319090046625","3119","CA0103","899"
"2022060411383294735","3117","CA0103","900"
"2022060206050174568","3110","CA0103","901"
"2022060409245637338","3109","CA0103","902"
"2022062820060753617","3095","CA0103","903"
"2022061617291062233","3085","CA0103","904"
"2022060317294810245","3084","CA0103","905"
"2022060711005560834","3081","CA0103","906"
"2022061117233816617","3074","CA0103","907"
"2022061912163163224","3073","CA0103","908"
"2022060717072862920","3059","CA0103","909"
"2022062717563215200","3057","CA0103","910"
"2022060610500096915","3053","CA0103","911"
"2022060916041329136","3052","CA0103","912"
"2022060516434722588","3041","CA0103","913"
"2022062217300053166","3019","CA0103","914"
"2022061922024198425","3019","CA0103","914"
"2022062714300013331","3013","CA0103","916"
"2022062718050012120","3012","CA0103","917"
"2022062916193331232","3006","CA0103","918"
"2022060716120342098","3001","CA0103","919"
"2022060818315571865","3001","CA0103","919"
"2022062922550790141","2999","CA0103","921"
"2022060119541161803","2995","CA0103","922"
"2022061908000062167","2991","CA0103","923"
"2022062419220077563","2984","CA0103","924"
"2022060606000090639","2981","CA0103","925"
"2022062116170935632","2973","CA0103","926"
"2022061018181941251","2971","CA0103","927"
"2022061714561598840","2968","CA0103","928"
"2022060605311221689","2953","CA0103","929"
"2022060519165286220","2947","CA0103","930"
"2022062914391632374","2945","CA0103","931"
"2022060717032369783","2934","CA0103","932"
"2022062519265933176","2928","CA0103","933"
"2022060410533715910","2918","CA0103","934"
"2022061618304339393","2909","CA0103","935"
"2022053116151045512","2909","CA0103","935"
"2022060721494162504","2895","CA0103","937"
"2022060119334713015","2888","CA0103","938"
"2022061011201082342","2885","CA0103","939"
"2022060319312547234","2884","CA0103","940"
"2022063013340651675","2880","CA0103","941"
"2022062618303809987","2871","CA0103","942"
"2022062600000073462","2867","CA0103","943"
"2022060821322688446","2858","CA0103","944"
"2022062606310168012","2852","CA0103","945"
"2022063005300090463","2833","CA0103","946"
"2022062302595272756","2830","CA0103","947"
"2022062521485583145","2825","CA0103","948"
"2022060901021403597","2812","CA0103","949"
"2022063012121775666","2811","CA0103","950"
"2022061821034622574","2806","CA0103","951"
"2022062702170060455","2802","CA0103","952"
"2022062321172328461","2790","CA0103","953"
"2022060916422057553","2783","CA0103","954"
"2022060202151256520","2766","CA0103","955"
"2022062519091677199","2760","CA0103","956"
"2022061005200043105","2741","CA0103","957"
"2022060313445266156","2729","CA0103","958"
"2022060806335412437","2718","CA0103","959"
"2022060622032810026","2712","CA0103","960"
"2022062315380275814","2693","CA0103","961"
"2022063004130037960","2674","CA0103","962"
"2022061616120048535","2670","CA0103","963"
"2022061920463049336","2667","CA0103","964"
"2022062017300005536","2651","CA0103","965"
"2022060918053620159","2650","CA0103","966"
"2022061323010071571","2634","CA0103","967"
"2022061218091425578","2630","CA0103","968"
"2022061405295197966","2627","CA0103","969"
"2022063003180090737","2627","CA0103","969"
"2022061017013464918","2609","CA0103","971"
"2022060812375249142","2594","CA0103","972"
"2022061222144700781","2549","CA0103","973"
"2022062316001182750","2540","CA0103","974"
"2022061205000202478","2529","CA0103","975"
"2022062606413375605","2526","CA0103","976"
"2022062322591799467","2510","CA0103","977"
"2022061621514003584","2500","CA0103","978"
"2022060321205938815","2498","CA0103","979"
"2022061200010093534","2473","CA0103","980"
"2022060700010050542","2471","CA0103","981"
"2022061806294207719","2469","CA0103","982"
"2022062314274295587","2457","CA0103","983"
"2022061418065421602","2448","CA0103","984"
"2022061704350045911","2429","CA0103","985"
"2022061618120451664","2426","CA0103","986"
"2022060816433098218","2425","CA0103","987"
"2022061717392106532","2418","CA0103","988"
"2022060522080307989","2403","CA0103","989"
"2022061716470001092","2395","CA0103","990"
"2022062120222569648","2377","CA0103","991"
"2022060520234853594","2347","CA0103","992"
"2022062817052150352","2345","CA0103","993"
"2022061914224698631","2334","CA0103","994"
"2022060120140859601","2319","CA0103","995"
"2022061000134965181","2319","CA0103","995"
"2022061200000014694","2313","CA0103","997"
"2022060419002211582","2312","CA0103","998"
"2022060104450042848","2294","CA0103","999"
"2022060819233171940","2288","CA0103","1000"
"2022061622255008128","2287","CA0103","1001"
"2022060521043008101","2286","CA0103","1002"
"2022061000140484129","2284","CA0103","1003"
"2022060902352309455","2265","CA0103","1004"
"2022060620484296509","2254","CA0103","1005"
"2022062612020639791","2253","CA0103","1006"
"2022062216111815725","2240","CA0103","1007"
"2022060219260017682","2239","CA0103","1008"
"2022061323012534706","2225","CA0103","1009"
"2022060916474771385","2218","CA0103","1010"
"2022062620133065338","2217","CA0103","1011"
"2022062815295934927","2216","CA0103","1012"
"2022062919120092496","2214","CA0103","1013"
"2022060101220364490","2208","CA0103","1014"
"2022062919580043804","2204","CA0103","1015"
"2022061214264194472","2192","CA0103","1016"
"2022061421351638972","2190","CA0103","1017"
"2022062316454926224","2187","CA0103","1018"
"2022060900030076299","2179","CA0103","1019"
"2022062920212339951","2177","CA0103","1020"
"2022060317255337866","2177","CA0103","1020"
"2022061020041563446","2097","CA0103","1022"
"2022061204550152080","2095","CA0103","1023"
"2022062322414300039","2092","CA0103","1024"
"2022060711150082913","2085","CA0103","1025"
"2022060200590899650","2076","CA0103","1026"
"2022061220031996528","2062","CA0103","1027"
"2022060321274227556","2055","CA0103","1028"
"2022062323182564095","2050","CA0103","1029"
"2022061022115681937","2030","CA0103","1030"
"2022061419240021418","2027","CA0103","1031"
"2022062322193866797","2023","CA0103","1032"
"2022061920525818146","2021","CA0103","1033"
"2022062320550305150","2016","CA0103","1034"
"2022061000000046461","2007","CA0103","1035"
"2022060700010071971","1998","CA0103","1036"
"2022060318493120007","1987","CA0103","1037"
"2022062320162644770","1978","CA0103","1038"
"2022061921204179590","1977","CA0103","1039"
"2022061000000039624","1976","CA0103","1040"
"2022062220292389698","1962","CA0103","1041"
"2022060112000058823","1956","CA0103","1042"
"2022062321505038101","1955","CA0103","1043"
"2022060119591969563","1948","CA0103","1044"
"2022062711101187808","1947","CA0103","1045"
"2022062415534855268","1940","CA0103","1046"
"2022060617265569302","1928","CA0103","1047"
"2022053119325558968","1914","CA0103","1048"
"2022061600000064346","1880","CA0103","1049"
"2022061621530426728","1876","CA0103","1050"
"2022061702181593194","1876","CA0103","1050"
"2022062902023973154","1871","CA0103","1052"
"2022062200000164243","1828","CA0103","1053"
"2022062000082069582","1823","CA0103","1054"
"2022061922094568434","1817","CA0103","1055"
"2022060100102094788","1806","CA0103","1056"
"2022062316320077060","1794","CA0103","1057"
"2022060816575843678","1788","CA0103","1058"
"2022060101583366924","1783","CA0103","1059"
"2022062916084941865","1780","CA0103","1060"
"2022060721481066847","1769","CA0103","1061"
"2022061300000070249","1752","CA0103","1062"
"2022060601024833638","1737","CA0103","1063"
"2022062820195396104","1731","CA0103","1064"
"2022061715055590296","1724","CA0103","1065"
"2022062913585159226","1712","CA0103","1066"
"2022060819275800571","1697","CA0103","1067"
"2022060220234690437","1683","CA0103","1068"
"2022061619461202513","1664","CA0103","1069"
"2022063017033735438","1657","CA0103","1070"
"2022060914561990933","1656","CA0103","1071"
"2022060902343494449","1637","CA0103","1072"
"2022062819302716759","1611","CA0103","1073"
"2022062702033610568","1607","CA0103","1074"
"2022060115175893002","1588","CA0103","1075"
"2022060618061605990","1576","CA0103","1076"
"2022062023573792180","1573","CA0103","1077"
"2022062613292001385","1573","CA0103","1077"
"2022061016181226291","1564","CA0103","1079"
"2022060818283664990","1536","CA0103","1080"
"2022061315295015872","1519","CA0103","1081"
"2022062216282934958","1512","CA0103","1082"
"2022062123533109155","1510","CA0103","1083"
"2022061800000011631","1456","CA0103","1084"
"2022060413025305120","1401","CA0103","1085"
"2022060521483716768","1395","CA0103","1086"
"2022061621595270297","1391","CA0103","1087"
"2022060415154636304","1390","CA0103","1088"
"2022060120200016520","1384","CA0103","1089"
"2022060922184174055","1381","CA0103","1090"
"2022061323134014572","1367","CA0103","1091"
"2022061322035054884","1338","CA0103","1092"
"2022060921145568537","1317","CA0103","1093"
"2022062416220644908","1316","CA0103","1094"
"2022060620385665834","1314","CA0103","1095"
"2022061212000742569","1306","CA0103","1096"
"2022062317314688252","1296","CA0103","1097"
"2022062621524508976","1292","CA0103","1098"
"2022060116470194615","1273","CA0103","1099"
"2022062922274227253","1245","CA0103","1100"
"2022062015483407904","1219","CA0103","1101"
"2022061216524878278","1212","CA0103","1102"
"2022060921005150440","1198","CA0103","1103"
"2022061200300017319","1195","CA0103","1104"
"2022062622172984496","1194","CA0103","1105"
"2022061121130280929","1176","CA0103","1106"
"2022062522111351016","1168","CA0103","1107"
"2022060716061673825","1134","CA0103","1108"
"2022062521525830743","1128","CA0103","1109"
"2022060811520017252","1127","CA0103","1110"
"2022060621290898915","1116","CA0103","1111"
"2022062114565888111","1105","CA0103","1112"
"2022062123360860042","1091","CA0103","1113"
"2022063000000033803","1080","CA0103","1114"
"2022060600455556912","1066","CA0103","1115"
"2022061515060662942","1065","CA0103","1116"
"2022062722432666906","1023","CA0103","1117"
"2022060821203648350","1013","CA0103","1118"
"2022053118085534706","1012","CA0103","1119"
"2022062800060004259","1011","CA0103","1120"
"2022061822022340409","1011","CA0103","1120"
"2022060317471437912","1010","CA0103","1122"
"2022062306214115614","1006","CA0103","1123"
"2022061017573990179","998","CA0103","1124"
"2022062915321984984","996","CA0103","1125"
"2022060314590885577","986","CA0103","1126"
"2022062310453320138","984","CA0103","1127"
"2022061022405360005","980","CA0103","1128"
"2022062119470384856","974","CA0103","1129"
"2022061721204311948","967","CA0103","1130"
"2022060819440088911","962","CA0103","1131"
"2022060620293931634","955","CA0103","1132"
"2022061518101931753","953","CA0103","1133"
"2022062802490033679","953","CA0103","1133"
"2022062017132457690","943","CA0103","1135"
"2022061611555918262","937","CA0103","1136"
"2022060315422760055","933","CA0103","1137"
"2022060719220503755","930","CA0103","1138"
"2022060518042638080","929","CA0103","1139"
"2022061721250719094","898","CA0103","1140"
"2022062717225211922","887","CA0103","1141"
"2022061414462267633","886","CA0103","1142"
"2022061421343483586","865","CA0103","1143"
"2022061702181447692","861","CA0103","1144"
"2022060413591527682","860","CA0103","1145"
"2022060100000059485","857","CA0103","1146"
"2022061800000029850","853","CA0103","1147"
"2022062918274677434","846","CA0103","1148"
"2022061121293763282","845","CA0103","1149"
"2022061020021739302","842","CA0103","1150"
"2022062119220041055","833","CA0103","1151"
"2022062016331229200","829","CA0103","1152"
"2022061800122831107","829","CA0103","1152"
"2022062620011639134","826","CA0103","1154"
"2022060421163746019","824","CA0103","1155"
"2022062118000326816","824","CA0103","1155"
"2022062715051838859","815","CA0103","1157"
"2022062402350066173","811","CA0103","1158"
"2022062720230893193","806","CA0103","1159"
"2022062818010944975","804","CA0103","1160"
"2022062012332142574","803","CA0103","1161"
"2022062720520459214","796","CA0103","1162"
"2022062818551284175","793","CA0103","1163"
"2022061002120741341","791","CA0103","1164"
"2022062518212460602","791","CA0103","1164"
"2022062215270990989","790","CA0103","1166"
"2022061020013559127","776","CA0103","1167"
"2022062000134599693","762","CA0103","1168"
"2022062818322498339","760","CA0103","1169"
"2022061919122614374","758","CA0103","1170"
"2022060400050027404","756","CA0103","1171"
"2022062021555837700","747","CA0103","1172"
"2022062616414221327","743","CA0103","1173"
"2022062722220380793","739","CA0103","1174"
"2022062014460053067","738","CA0103","1175"
"2022062322023537317","730","CA0103","1176"
"2022062916120434476","729","CA0103","1177"
"2022062823455535935","721","CA0103","1178"
"2022062822460017314","716","CA0103","1179"
"2022062013460008872","716","CA0103","1179"
"2022062316543862763","713","CA0103","1181"
"2022061417384343495","707","CA0103","1182"
"2022053117091896991","699","CA0103","1183"
"2022060314115841922","690","CA0103","1184"
"2022060217555364898","685","CA0103","1185"
"2022062021324359595","684","CA0103","1186"
"2022061400225294910","681","CA0103","1187"
"2022062902120047404","679","CA0103","1188"
"2022062815471929101","673","CA0103","1189"
"2022061617114846695","672","CA0103","1190"
"2022062421341681156","660","CA0103","1191"
"2022062721292701697","656","CA0103","1192"
"2022061319320073996","650","CA0103","1193"
"2022061517311894167","648","CA0103","1194"
"2022062800060063758","644","CA0103","1195"
"2022063000302516051","644","CA0103","1195"
"2022060814024796146","641","CA0103","1197"
"2022062622091462367","641","CA0103","1197"
"2022061617365706308","639","CA0103","1199"
"2022062318093083455","638","CA0103","1200"
"2022062923523677536","634","CA0103","1201"
"2022061320025894814","628","CA0103","1202"
"2022060619200432099","626","CA0103","1203"
"2022062023081670028","625","CA0103","1204"
"2022062521552445207","623","CA0103","1205"
"2022063000040512561","621","CA0103","1206"
"2022060415422966334","602","CA0103","1207"
"2022061914243478755","602","CA0103","1207"
"2022061122154348469","602","CA0103","1207"
"2022062720171393338","600","CA0103","1210"
"2022061018042836345","600","CA0103","1210"
"2022060317440644969","600","CA0103","1210"
"2022060416492884968","597","CA0103","1213"
"2022060214310361208","593","CA0103","1214"
"2022060216252546819","592","CA0103","1215"
"2022061900301633559","590","CA0103","1216"
"2022061422581738571","579","CA0103","1217"
"2022060821460836543","574","CA0103","1218"
"2022061300514836003","570","CA0103","1219"
"2022060201372203439","567","CA0103","1220"
"2022062117492238057","565","CA0103","1221"
"2022060920521507554","562","CA0103","1222"
"2022062700023634016","556","CA0103","1223"
"2022060515312275058","551","CA0103","1224"
"2022060715544162146","542","CA0103","1225"
"2022062615232677546","541","CA0103","1226"
"2022062600300034141","540","CA0103","1227"
"2022061915390355599","537","CA0103","1228"
"2022061219414656060","535","CA0103","1229"
"2022062922272893454","533","CA0103","1230"
"2022062621392624080","532","CA0103","1231"
"2022062600502071288","527","CA0103","1232"
"2022062900000097887","526","CA0103","1233"
"2022062313391142940","521","CA0103","1234"
"2022062220133631392","513","CA0103","1235"
"2022063000272485841","511","CA0103","1236"
"2022061222270643620","505","CA0103","1237"
"2022061422160034394","502","CA0103","1238"
"2022061415223535644","495","CA0103","1239"
"2022062623070062555","494","CA0103","1240"
"2022062422261755622","494","CA0103","1240"
"2022061700000022046","492","CA0103","1242"
"2022061316234731623","491","CA0103","1243"
"2022061021115939350","487","CA0103","1244"
"2022061416590831181","484","CA0103","1245"
"2022053114243270946","476","CA0103","1246"
"2022062222043475358","468","CA0103","1247"
"2022062820184071991","463","CA0103","1248"
"2022061517132683416","462","CA0103","1249"
"2022062021312995880","462","CA0103","1249"
"2022061618065415437","450","CA0103","1251"
"2022062000124232230","449","CA0103","1252"
"2022061523044210866","442","CA0103","1253"
"2022060623341430106","440","CA0103","1254"
"2022060717281852266","439","CA0103","1255"
"2022061100000082811","431","CA0103","1256"
"2022060615244721111","427","CA0103","1257"
"2022053120481340945","425","CA0103","1258"
"2022062216164417507","413","CA0103","1259"
"2022061815210303078","392","CA0103","1260"
"2022060921531835068","390","CA0103","1261"
"2022060316383510308","389","CA0103","1262"
"2022060216120258693","385","CA0103","1263"
"2022060817080270916","381","CA0103","1264"
"2022062000140087791","379","CA0103","1265"
"2022062300000055271","377","CA0103","1266"
"2022060216574359819","371","CA0103","1267"
"2022061522170079482","368","CA0103","1268"
"2022062121551655095","362","CA0103","1269"
"2022060813323112651","354","CA0103","1270"
"2022062100160041826","350","CA0103","1271"
"2022061315073521503","330","CA0103","1272"
"2022061421094947208","325","CA0103","1273"
"2022061321351767687","295","CA0103","1274"
"2022053116122892064","187","CA0103","1275"
"2022053117320035187","119","CA0103","1276"
"2022053114275455177","14","CA0103","1277"
"2022053111055306213","13","CA0103","1278"
"2022053107243428704","11","CA0103","1279"
"2022053111115574070","8","CA0103","1280"
"2022053113344973495","7","CA0103","1281"
"2022062323265602488","6","CA0103","1282"
"2022053113534079621","6","CA0103","1282"
"2022053111125767284","6","CA0103","1282"
"2022053014195066287","5","CA0103","1285"
"2022053018532484801","5","CA0103","1285"
"2022053104500037926","5","CA0103","1285"
"2022053110464212158","4","CA0103","1288"
"2022052623280029357","4","CA0103","1288"
"2022053111230061339","4","CA0103","1288"
"2022053108332129145","4","CA0103","1288"
"2022053114050660634","4","CA0103","1288"
"2022062810100794168","4","CA0103","1288"
"2022053017262415825","4","CA0103","1288"
"2022053110301611484","3","CA0103","1295"
"2022053114393713105","3","CA0103","1295"
"2022052802314661964","3","CA0103","1295"
"2022053017521705717","3","CA0103","1295"
"2022060912021743903","3","CA0103","1295"
"2022052922024161732","3","CA0103","1295"
"2022053017340212911","3","CA0103","1295"
"2022052908360264998","2","CA0103","1302"
"2022053013455374510","2","CA0103","1302"
"2022053006273607176","2","CA0103","1302"
"2022052522242606868","2","CA0103","1302"
"2022053110000004045","2","CA0103","1302"
"2022053016455518421","2","CA0103","1302"
"2022051718404816546","2","CA0103","1302"
"2022052716264852824","2","CA0103","1302"
"2022052910520480025","2","CA0103","1302"
"2022052613033959898","2","CA0103","1302"
"2022052814475051155","2","CA0103","1302"
"2022053106000998318","2","CA0103","1302"
"2022062909434938522","2","CA0103","1302"
"2022053100000025206","2","CA0103","1302"
"2022052511150090080","2","CA0103","1302"
"2022053020342128004","2","CA0103","1302"
"2022053109120908798","2","CA0103","1302"
"2022053022083003261","2","CA0103","1302"
"2022053016480861251","2","CA0103","1302"
"2022053011560088693","2","CA0103","1302"
"2022053105330176533","1","CA0103","1322"
"2022052612371595919","1","CA0103","1322"
"2022062319163476206","1","CA0103","1322"
"2022060609532300980","1","CA0103","1322"
"2022052308000356313","1","CA0103","1322"
"2022061616274748602","1","CA0103","1322"
"2022052910154876745","1","CA0103","1322"
"2022050917411157287","1","CA0103","1322"
"2022053011501482225","1","CA0103","1322"
"2022052214404404072","1","CA0103","1322"
"2022053100300013097","1","CA0103","1322"
"2022051305440002494","1","CA0103","1322"
"2022053006000155882","1","CA0103","1322"
"2022052416275591758","1","CA0103","1322"
"2022062818121774120","1","CA0103","1322"
"2022052210000277096","1","CA0103","1322"
"2022052516264743241","1","CA0103","1322"
"2022052205300194619","1","CA0103","1322"
"2022053011150025711","1","CA0103","1322"
"2022052819041020730","1","CA0103","1322"
"2022053006000091439","1","CA0103","1322"
"2022052510073496523","1","CA0103","1322"
"2022050507220098087","1","CA0103","1322"
"2022052911150131708","1","CA0103","1322"
"2022052009541620180","1","CA0103","1322"
"2022062715011735984","1","CA0103","1322"
"2022050712163873601","1","CA0103","1322"
"2022052909000012798","1","CA0103","1322"
"2022051316451207254","1","CA0103","1322"
"2022053118163710457","1","CA0103","1322"
"2022052923425448597","1","CA0103","1322"
"2022052610000566496","1","CA0103","1322"
"2022051419152619477","1","CA0103","1322"
"2022052909000682487","1","CA0103","1322"
"2022052908575203149","1","CA0103","1322"
"2022052712510041009","1","CA0103","1322"
"2022060217000071162","1","CA0103","1322"
"2022053017052255028","1","CA0103","1322"
"2022061107420022502","1","CA0103","1322"
"2022052506000013373","1","CA0103","1322"
"2022052617323381570","1","CA0103","1322"
"2022052610462829093","1","CA0103","1322"
"2022051917110076427","1","CA0103","1322"
"2022052906000358889","1","CA0103","1322"
"2022042110364096244","1","CA0103","1322"
"2022062005265433354","1","CA0103","1322"
"2022052916332073714","1","CA0103","1322"
"2022052506153404617","1","CA0103","1322"
"2022052409484514095","1","CA0103","1322"
"2022053019025811458","1","CA0103","1322"
"2022052820594387623","1","CA0103","1322"
"2022052913250011416","1","CA0103","1322"
"2022052217321508995","1","CA0103","1322"
"2022052914561645586","1","CA0103","1322"
"2022061210431896330","1","CA0103","1322"
"2022040804370019209","1","CA0103","1322"
"2022052509574535420","1","CA0103","1322"
"2022051810000146720","1","CA0103","1322"
"2022053007000013855","1","CA0103","1322"
"2022061517503475641","1","CA0103","1322"
"2022052909000083304","1","CA0103","1322"
"2022052916404650115","1","CA0103","1322"
"2022052816200025460","1","CA0103","1322"
"2022052909300059513","1","CA0103","1322"
"2022052808532012448","1","CA0103","1322"
"2022053017142148218","1","CA0103","1322"
"2022052715230031884","1","CA0103","1322"
"2022052514531972798","1","CA0103","1322"
"2022052500262706631","1","CA0103","1322"
"2022052511051299648","1","CA0103","1322"
"2022052811021198148","1","CA0103","1322"
"2022052709153793994","1","CA0103","1322"
"2022051922301649469","1","CA0103","1322"
"2022061313514298419","1","CA0103","1322"
"2022052514552388376","1","CA0103","1322"
"2022052418110464712","1","CA0103","1322"
"2022052718473378249","1","CA0103","1322"
"2022052922233903095","1","CA0103","1322"
"2022053102392900782","1","CA0103","1322"
"2022052911150245733","1","CA0103","1322"
"2022052814591652395","1","CA0103","1322"
"2022052315301792501","1","CA0103","1322"
